[
  {"latitude": -66.4614, "longitude": 38.34263},
  {"latitude": -29.9751, "longitude": 70.95559},
  {"latitude": 35.25495, "longitude": 55.5609},
  {"latitude": -54.2697, "longitude": -19.7327},
  {"latitude": 66.04362, "longitude": 174.731},
  {"latitude": 0.301935, "longitude": 124.3602},
  {"latitude": -57.4334, "longitude": -82.4935},
  {"latitude": 71.87763, "longitude": -27.4864},
  {"latitude": 42.79848, "longitude": 31.94395},
  {"latitude": -79.157, "longitude": -56.9882},
  {"latitude": -69.3536, "longitude": -149.931},
  {"latitude": 3.538298, "longitude": -100.011},
  {"latitude": 35.00248, "longitude": 160.9934},
  {"latitude": -66.4048, "longitude": 3.621681},
  {"latitude": -53.7701, "longitude": -111.581},
  {"latitude": 34.58822, "longitude": 127.0976},
  {"latitude": 8.599783, "longitude": -101.578},
  {"latitude": -24.1935, "longitude": 32.61304},
  {"latitude": -65.4498, "longitude": -119.789},
  {"latitude": -52.3572, "longitude": 0.101226},
  {"latitude": -60.8806, "longitude": 49.95149},
  {"latitude": 44.0302, "longitude": -121.352},
  {"latitude": -50.177, "longitude": 143.812},
  {"latitude": -33.9076, "longitude": -62.0989},
  {"latitude": 57.939, "longitude": -35.3432},
  {"latitude": -66.4514, "longitude": 58.34263},
  {"latitude": -29.2651, "longitude": 7.95559},
  {"latitude": 35.25895, "longitude": 5.5609},
  {"latitude": -4.2797, "longitude": -1.7327},
  {"latitude": 6.04662, "longitude": 14.731},
  {"latitude": 10.301735, "longitude": 24.3602},
  {"latitude": -7.4734, "longitude": -2.4935},
  {"latitude": 1.87663, "longitude": -2.4864},
  {"latitude": 2.79878, "longitude": 31.94395},
  {"latitude": -9.156, "longitude": -5.9882},
  {"latitude": -9.3576, "longitude": -49.931},
  {"latitude": 53.538278, "longitude": -10.011},
  {"latitude": 5.00248, "longitude": 10.9934},
  {"latitude": -6.4048, "longitude": 83.621681},
  {"latitude": -3.7701, "longitude": -11.581},
  {"latitude": 4.58822, "longitude": 197.0976},
  {"latitude": 88.599783, "longitude": -11.578},
  {"latitude": -4.1935, "longitude": 32.61304},
  {"latitude": -5.4498, "longitude": -19.789},
  {"latitude": -2.3572, "longitude": 19.101226},
  {"latitude": -0.8806, "longitude": 48.95149},
  {"latitude": 4.0302, "longitude": -11.352},
  {"latitude": -90.177, "longitude": 183.812},
  {"latitude": -3.9076, "longitude": -6.0989},
  {"latitude": 7.939, "longitude": -5.3432}

]
